{"0": 0, "1": 0, "2": -4.014356166515172, "3": -0.8185425178283879, "4": -0.8714624905253588, "5": -0.3479659162295276, "6": -1.3212153073863824, "7": -0.9226615036799541, "8": -1.2940129142835393, "9": -0.4886626044526085, "10": -1.6691112219139401, "11": 0.11697366065556518, "12": -0.6219750778594331, "13": -0.6647153904918067, "14": -1.3405356635389603, "15": -3.770310955966552, "16": -4.706243627357514, "17": -3.3580165649939513, "18": 1.3099069147669742, "19": 1.1713440421261883, "20": 0.48330796972927154, "21": 1.8597790645185919, "22": -1.2995621322393307, "23": -2.611727270039809, "24": 0.23371221531824132, "25": -1.5993134711743127, "26": -1.5193678157239516, "27": 1.9911077237586574, "28": -4.1505223574408365, "29": -0.5365775283600879, "30": -1.0744704475695455, "31": -1.7577899638814314, "32": -1.2995432264544777, "33": -0.6792893068432668, "34": -0.9359173976181666, "35": 0.7790657352744121, "36": -0.33636368852357645, "37": -2.8484878505852915, "38": 3.0652292357173896, "39": -0.6412302872982033, "40": -8.89466762375644, "41": -1.828495693074715, "42": 1.5676391212393608, "43": 4.67963713486384, "44": 0.8007424824940054, "45": 0.25958951301277844, "46": -1.5029408713319148, "47": -0.7007172112734148, "48": -1.2850555430974167, "49": -0.02558724093459386, "50": -1.1683095879450147, "51": -0.7901676425762245, "52": -0.2207593320810122, "53": -0.9076356348935143, "54": -0.5435434940903595, "55": -1.5940286984620364, "56": -3.680845576697132, "57": -1.5443175713190105, "58": 4.319782598908643, "59": 5.39626198626961, "60": 5.208297377068574, "61": 5.34248234265519, "62": 3.628705628900739, "63": 0.29765647086205727, "64": -1.3577236667249821, "65": 2.265171862070612, "66": 4.838949450752756, "67": 7.512521480118898, "68": 5.274952608820596, "69": 5.808895560706988, "70": 2.6175725883675085, "71": 3.8622949414833476, "layer1_gate": [28, 35, 42], "layer2_gate": [4, 11, 18], "layer3_gate": [28, 35, 42], "runIds": [1148, 1150, 1151, 1152, 1153, 1154, 1155, 1158, 1159, 1160, 1161, 1162, 1163, 1164, 1165, 1166, 1167, 1168, 1169, 1170, 1171, 1172, 1173, 1174, 1175, 1176, 1177, 1178, 1179, 1180, 1181, 1182, 1183, 1184, 1185, 1186, 1188, 1189, 1190, 1191, 1192, 1193, 1194, 1195, 1196, 1197, 1198, 1199, 1200, 1201, 1202, 1203, 1204, 1205, 1206, 1207, 1208, 1210, 1211, 1212, 1213, 1214, 1215, 1216, 1217, 1218, 1219, 1221, 1222, 1223, 1225, 1226, 1227, 1228, 1229, 1230, 1231, 1232, 1234, 1235, 1236, 1238, 1239, 1240, 1241, 1242, 1243, 1244, 1245, 1246, 1247, 1268, 1269, 1273, 1274, 1275, 1276, 1277, 1279, 1280, 1282, 1283, 1284, 1285, 1286, 1287, 1288, 1289, 1290, 1291, 1292, 1293, 1294, 1295, 1296, 1297, 1298, 1299], "71": 3.8622949414833476}